goodsname,goodsprice
한성)일품실오징어30G,"6,600원"
한성)일품촉촉매콤스틱오징어30G,"6,600원"
한성)일품촉촉스틱오징어30G,"6,600원"
한성)철판구이오징어30G,"6,600원"
스미후루)바삭바나나칩70G[D2],"4,600원"
스미후루)초코바나나칩(다크),"3,600원"
스미후루)초코바나나칩(밀크),"3,600원"
스미후루)초코바나나칩(화이트),"3,600원"
오뚜기)바몬드고형카레약매,"5,500원"
하베스트넛츠)건포도30G,"2,000원"
하베스트넛츠)구운아몬드30G,"2,000원"
하베스트넛츠)구운캐슈넛30G,"2,000원"
하베스트넛츠)바나나칩20G,"2,000원"
하베스트넛츠)볶음땅콩35G,"2,000원"
하베스트넛츠)브라질넛25G,"2,000원"
하베스트넛츠)호두25G,"2,000원"
삼립)NEW불고기치즈부리또,"3,500원"
삼립)NEW슈퍼슈프림부리또,"3,500원"
삼립)멕시칸스파이시치킨부리또,"3,500원"
삼립)아메리칸딥치즈소시지부리,"3,500원"
삼립)캐네디언그레이비해쉬부리,"3,500원"
삼립)트리플치즈부리또,"3,500원"
풀무원)자른미역50G,"3,600원"
더납딱한오다리25G,"4,800원"
더도톰한오징어25G,"4,800원"
흥선)족발편육215G,"7,900원"
흥선)쫄깃한매콤편육150G,"7,900원"
흥선)쫄깃한특수부위165G,"7,900원"
오뚜기)진라면약간매운맛(대컵),"1,400원"
차바)코코넛스무디말차310ML,"2,500원"
랩노쉬)프로틴드링크쿠앤크350ML,"3,800원"
삼양)1963우지파개장(대컵),"1,950원"
돌)건망고(80G/봉),"5,000원"
돌)망고컵198G,"3,200원"
돌)복숭아컵198G,"3,200원"
돌)알로코코컵198G,"3,200원"
돌)파인애플컵198G,"3,200원"
롯데)칸쵸(지함),"1,500원"
바이오)부각믹스100G[D2],"5,900원"
투다리)닭껍질튀김(스리라차맛),"5,900원"
투다리)닭껍질튀김(오리지널맛),"5,900원"
흑백)중식마녀쯔란돼지껍질튀김,"5,900원"
CJ)더건강한오븐구이생선살87G,"4,500원"
리얼)훈제삼겹100G,"3,900원"
리얼)슬라이스족발100G,"3,800원"
리얼)쫄깃한편육100G,"3,800원"
리얼)투다리데리야끼닭꼬치,"3,300원"
리얼)투다리매콤양념닭꼬치,"3,300원"
리얼)쫀득한찰순대150G,"2,300원"
현대)미에로화이바스파클링제로,"2,200원"
프로티얼)피쉬칩김맛40G,"5,900원"
프로티얼)피쉬칩오리지널40G,"5,900원"
프로티얼)피쉬칩허브솔트40G,"5,900원"
해태)후렌치파이딸기192G,"4,200원"
해태)버터링골드(지함),"1,500원"
해태)사브레84G,"1,500원"
청우)쫀득초코칩90G,"2,000원"
더주스)치킨힘줄육포오리60G,"3,200원"
더주스)치킨힘줄육포치킨60G,"3,200원"
선우)쿠쫀볼40G,"4,500원"
농심)신라면로제큰사발면(대컵),"1,800원"
일해)와!명태다20G,"2,500원"
브라더)묵끄럽마라향50G,"2,900원"
브라더)묵끄럽엑스트라마라향50G,"2,900원"
오뚜기)로열라면(봉지),"1,300원"
사조)로얄크랩디핑100G,"5,500원"
오뚜기)열라면(봉지),"1,000원"
몬비소)코코아필링쿠키150G,"4,500원"
몬비소)헤이즐넛필링쿠키150G,"4,500원"
농심)신라면블랙사발(대컵),"1,800원"
효성)호박쫀드기88G,"1,500원"
대림)숯불구이후랑크70G,"2,200원"
SAMG)시즌6캐치티니핑달콤라볶이,"3,600원"
SAMG)시즌6캐치티니핑짜장라볶이,"3,600원"
SAMG)시즌6캐치티니핑달콤떡볶이,"2,800원"
SAMG)시즌6캐치티니핑짜장떡볶이,"2,800원"
짱구)21곡초코바,700원
뚜또)제로슈거레몬210G,"2,500원"
뚜또)제로슈거포도210G,"2,500원"
소이조이)스트로베리30G,"1,700원"
미성)미스터바이트웜프밀크44G,"1,700원"
미성)미스터바이트웜프코코아44G,"1,700원"
오뚜기)이금기동파육180G,"6,500원"
오뚜기)이금기순살사태불족발,"6,500원"
오뚜기)로스티드콘스프24G(3입),"4,400원"
오뚜기)김치참치덮밥(컵밥),"5,400원"
오뚜기)매콤낙지덮밥(컵밥),"5,400원"
오뚜기)숙성돼지김치찌개(컵밥),"5,400원"
오뚜기)전주식돌솥비빔밥(컵밥),"5,400원"
오뚜기)제육덮밥(컵밥),"5,400원"
오뚜기)차돌강된장보리밥(컵밥),"5,400원"
오뚜기)참기름김치볶음밥(컵밥),"5,400원"
오뚜기)참치마요덮밥(컵밥),"5,400원"
오뚜기)치킨마요덮밥(컵밥),"5,400원"
오뚜기)카레컵밥(컵밥),"5,400원"
오뚜기)톡톡김치알밥(컵밥),"5,400원"
오뚜기)단호박죽285G,"4,500원"
오뚜기)전복죽285G,"4,500원"
오뚜기)통단팥죽285G,"4,500원"
오뚜기)발아현미밥210G(3입),"6,800원"
오뚜기)발아흑미밥210G(3입),"6,800원"
오뚜기)오곡밥210G(3입),"6,800원"
오뚜기)발아현미밥210G,"2,700원"
오뚜기)발아흑미밥210G,"2,700원"
오뚜기)오곡밥210G,"2,700원"
오뚜기)오뚜기큰밥300G,"2,800원"
오뚜기)오뚜기밥210G,"2,000원"
오뚜기)작은밥150G,"1,700원"
서울)멸균우유200ML,"1,200원"
서울)저지방멸균200ML,"1,200원"
서울)비요뜨(베리콩포트)136G,"2,300원"
서울)비요뜨(초코링),"2,300원"
서울)비요뜨(쿠키앤크림),"2,300원"
서울)딸기우유300ML,"2,100원"
서울)바나나우유300ML,"2,100원"
서울)초코우유300ML,"2,100원"
서울)커피우유300ML,"2,100원"
풀무원)특등급국산콩두유190ML,"1,900원"
OKF)알로에베라킹500ML,"2,500원"
OKF)옐로우스무디350ML,"2,500원"
OKF)워터멜론500ML,"2,500원"
HK)컨디션CEO150ML,"10,000원"
HK)컨디션100ML,"5,000원"
HK)컨디션레이디100ML,"5,000원"
매일)바리스타그란데(라떼)475ML,"2,700원"
매일)바리스타그란데(아메)475ML,"2,700원"
매일)99.89두유190ML,"1,400원"
매일)검은콩두유190ML,"1,400원"
매일)두유식이섬유190ML,"1,400원"
요즘)그릭요거트(마이노멀저당),"4,500원"
요즘)그릭요거트(아사이볼),"4,500원"
요즘)그릭요거트(블루베리),"4,900원"
훈제메추리알3입,"1,200원"
정식품)베지밀바나나피넛버터240,"2,300원"
정식품)베지밀검은콩팩190ML,"1,400원"
정식품)베지밀데일리저당두유190,"1,400원"
유어스)베지밀스위트고단백250ML,"2,400원"
정식품)아몬드호두두유병190ML,"2,000원"
정식품)베지밀A병190ML,"1,800원"
싱하)소다워터325ML,"1,500원"
브이톡)블루앤톡레몬에이드500ML,"2,400원"
땡모반)수박스파클링350ML,"2,000원"
천지개벽)홍삼꿀280ML,"2,000원"
천지개벽)한라봉스파클링355ML,"1,800원"
유어스)20가지과채와당근500ML,"2,400원"
유어스)20가지과채와토마토500ML,"2,400원"
유어스)싱그런복숭아340ML,"1,800원"
유어스)싱그런제주감귤340ML,"1,800원"
유어스)싱그런청포도340ML,"1,800원"
웅진)푸룬부스터200ML,"4,500원"
웅진)캐치티니핑딸기200ML,"1,600원"
웅진)캐치티니핑밀크200ML,"1,600원"
일화)천연사이다350ML,"1,400원"
일화)맥콜500ML,"2,200원"
모구모구)리치320ML,"1,700원"
모구모구)망고320ML,"1,700원"
모구모구)배맛320ML,"1,700원"
모구모구)복숭아320ML,"1,700원"
모구모구)요구르트320ML,"1,700원"
롯데)오트몬드프로틴고소한맛250,"2,900원"
롯데)오트몬드프로틴초코250ML,"2,900원"
롯데)오트몬드프로틴쿠앤크250ML,"2,900원"
동아)데자와로얄밀크티500ML,"2,500원"
동아)데자와밀크티캔240ML,"1,600원"
동아)데미소다레드애플캔350ML,"1,900원"
동아)오로나민C120ML,"1,500원"
남양)십칠차500ML,"2,200원"
맥심)TOP더블랙380ML,"3,300원"
맥심)TOP마스터라떼380ML,"3,300원"
맥심)TOP배럴에이지드마일드380,"3,300원"
맥심)TOP배럴에이지드향볼드380,"3,300원"
맥심)TOP스위트아메리카노380ML,"3,300원"
맥심)TOP더블랙275ML,"2,700원"
맥심)TOP돌체라떼275ML,"2,700원"
맥심)TOP마스터라떼275ML,"2,700원"
맥심)TOP스모키라떼275ML,"2,700원"
맥심)TOP스모키블랙275ML,"2,700원"
맥심)TOP스위트아메리카노275ML,"2,700원"
맥심)TOP더블랙200ML,"1,500원"
맥심)TOP마스터라떼200ML,"1,500원"
맥심)TOP스모키라떼200ML,"1,500원"
맥심)TOP스위트아메리카노200ML,"1,500원"
비락)야채사랑365(190ML),"1,700원"
비락)야채사랑당근비트180ML,"1,700원"
태경)핑크퐁짜장떡볶이105G,"3,600원"
태경)핑크퐁크림떡볶이111G,"3,600원"
미성)허쉬씨쏠트카라멜팝콘40G,"1,700원"
미성)쥬시레몬즙200ML,"2,000원"
해태)오사쯔(봉지),"1,500원"
유어스)생생감자칩오사쯔맛55G,"2,000원"
유어스)이모카세1호감자칩,"2,000원"
유어스)자가비오사쯔맛45G,"2,000원"
해태)자가비짭잘한맛(봉지),"2,000원"
리뉴)멀티플러스355ML,"7,500원"
메디힐)티트리에센셜마스크1P,"2,000원"
바세린)보습시트마스크1P,"2,000원"
바세린)영양시트마스크1P,"2,000원"
바세린)립테라피로지립스스틱,"5,000원"
바세린)립테라피오리지널스틱,"5,000원"
바세린)립테라피로지립스7G,"5,500원"
바세린)립테라피코코아버터7G,"5,500원"
바세린)립테라피핑크버블리7G,"5,500원"
하이뮨)프로틴밸런스바나나250ML,"2,900원"
하이뮨)프로틴밸런스액티브250ML,"2,900원"
뉴케어)올프로틴고소한맛245ML,"3,300원"
할리스)바닐라딜라이트300ML,"3,200원"
할리스)카라멜마끼야또300ML,"3,200원"
할리스)카페라떼300ML,"3,200원"
매일)셀렉스모카초코250ML,"2,900원"
매일)셀렉스밀크바닐라250ML,"2,900원"
매일)셀렉스바나나250ML,"2,900원"
매일)허쉬우유너티300ML,"2,300원"
매일)허쉬우유밀크300ML,"2,300원"
매일)상하프로틴스트링치즈20G,"1,600원"
매일)상하미니칼슘체다치즈48G,"2,800원"
매일)상하미니크림치즈48G,"2,800원"
매일)바이오드링킹딸기250ML,"2,400원"
매일)바이오드링킹블루베리250ML,"2,400원"
매일)바이오드링킹플레인250ML,"2,400원"
매일)엔요280ML,"1,700원"
매일)바나나는맛있다무가당190ML,"1,500원"
매일)바나나는하얗다190ML,"1,500원"
매일)우유속에딸기과즙우유300ML,"2,000원"
매일)우유속에코코아300ML,"2,000원"
매일)커피속에모카치노300ML,"2,000원"
매일)바리스타돌체라떼325ML,"3,500원"
매일)바리스타디카페인라떼325ML,"3,500원"
매일)바리스타무설탕바닐라빈325,"3,500원"
매일)바리스타무설탕에스프레소,"3,500원"
매일)바리스타바닐라빈라떼325ML,"3,500원"
매일)바리스타쇼콜라모카325ML,"3,500원"
매일)바리스타시그니처드립라떼,"3,500원"
매일)바리스타콜드브루블랙325ML,"3,500원"
매일)바리스타로슈거에스프레소,"2,900원"
매일)바리스타모카프레소250ML,"2,900원"
매일)바리스타스모키250ML,"2,900원"
매일)바리스타에스프레소라떼250,"2,900원"
매일)바리스타카라멜프레소250ML,"2,900원"
설빙)미숫가루우유클래식190ML,"2,500원"
할리스)디카페인아메리카노450ML,"3,200원"
할리스)바닐라딜라이트로우슈거,"3,200원"
할리스)블랙아리아아메리카노550,"3,200원"
할리스)시그니처아메리카노550ML,"3,200원"
진로)토닉워터제로300ML,"1,900원"
하겐)녹차파인트,"17,900원"
하겐)딸기파인트,"17,900원"
하겐)마카다미아파인트,"17,900원"
하겐)바닐라파인트,"17,900원"
하겐)스트로베리모찌파인트403ML,"17,900원"
하겐)초콜릿브라우니파인트403ML,"17,900원"
하겐)쵸코렛파인트,"17,900원"
하겐)커피파인트,"17,900원"
하겐)쿠키앤크림파인트,"17,900원"
하겐)피스타치오앤크림파인트,"17,900원"
하겐)그린티아몬드바80ML,"6,900원"
하겐)녹차미니컵,"6,900원"
하겐)다크벨지안초콜릿바80ML,"6,900원"
하겐)딸기미니컵,"6,900원"
하겐)마카다미아넛브리틀바,"6,900원"
하겐)마카다미아미니컵,"6,900원"
하겐)바닐라미니컵,"6,900원"
하겐)바닐라카라멜아몬드바80ML,"6,900원"
하겐)벨지안초코미니컵,"6,900원"
하겐)스트로베리모찌미니컵100ML,"6,900원"
하겐)스트로베리앤크림바,"6,900원"
하겐)초콜릿브라우니미니컵100ML,"6,900원"
하겐)초콜릿촉아몬드바80ML,"6,900원"
하겐)쿠키앤크림미니컵100ML,"6,900원"
하겐)쿠키앤크림바,"6,900원"
하겐)크리스피샌드그린티60ML,"6,900원"
하겐)크리스피샌드카라멜60ML,"6,900원"
롯데)2%바이탈레몬라임500ML,"1,800원"
롯데)2%부족할때제로(복숭아)500,"1,800원"
농심)자갈치90G,"1,700원"
농심)포테토칩K-양념치킨맛50G,"1,700원"
농심)포테토칩교촌간장치킨맛55G,"1,700원"
삼양)짱구오리지널115G,"1,500원"
동원)양반전통김17G,"2,000원"
동원)양반김(들기름김)4.5G,800원
동원)더바삭한양반김5G,"1,000원"
삼양)까르보불닭소스200G,"5,000원"
삼양)불닭마요소스250G,"5,000원"
삼양)로제불닭납작당면169G,"3,500원"
삼양)불닭납작당면155G,"3,500원"
삼양)불닭떡볶이185G,"3,500원"
본고장)즉석매운우동한그릇2900,"2,900원"
본고장)즉석우동한그릇2900,"2,900원"
본고장)즉석짜장한그릇2900,"2,900원"
한일)본고장고추장장칼국수208G,"4,200원"
한일)본고장뚝불우동221G,"4,200원"
본고장)가쓰오우동곱빼기,"3,700원"
본고장)유부우동(용기),"3,700원"
본고장)마라누들떡볶이210G,"3,900원"
한일)본고장바지락칼국수200G,"3,900원"
본고장)매운김치우동,"3,500원"
농심)배홍동막국수(봉지),"1,700원"
농심)배홍동쫄쫄면(봉지),"1,700원"
농심)배홍동칼빔면(봉지),"1,700원"
농심)배홍동비빔면(봉지),"1,250원"
농심)라뽁구리큰사발면(대컵),"1,900원"
농심)새우탕큰사발(대컵),"1,500원"
농심)우육탕큰사발(대컵),"1,500원"
롯데)젤리셔스짱셔요깔라만시46G,"1,200원"
롯데)젤리셔스짱셔요라임포도맛,"1,200원"
롯데)젤리셔스짱셔요스위티자몽,"1,200원"
롯데)핵짱셔요콜라1200,"1,200원"
롯데)핵짱셔요후르츠1200,"1,200원"
롯데)더블크런치쿠키앤크림,"1,300원"
롯데)크런키더블크런치,"1,300원"
롯데)크런키초코바,"1,300원"
롯데)가나초코바땅콩45G,"1,300원"
롯데)가나초코바아몬드,"1,300원"
롯데)빠다코코낫(지함),"1,700원"
롯데)야채크래커83G,"1,700원"
롯데)제크오리지날(지함),"1,700원"
라벨리)아사이요거트볼180ML,"4,500원"
리스테린)쿨민트250ML,"5,000원"
리스테린)그린티100ML,"2,400원"
리스테린)쿨민트100ML,"2,400원"
리스테린)쿨민트마일드100ML,"2,400원"
존슨즈)베이비베드타임로션100ML,"6,000원"
존슨즈)베이비오일125ML,"6,000원"
존슨즈)화이트후레쉬로션100ML,"6,000원"
리스테린)토탈케어100ML,"2,700원"
리스테린)토탈케어마일드100ML,"2,700원"
넷플릭스)저당아몬드초코바(신),"3,500원"
라벨리)LOL바닐라파르페331ML,"3,500원"
라벨리)깨먹는티라미수컵120ML,"3,500원"
라벨리)인절미빙수220ML,"3,500원"
라벨리)프리미엄팥빙수230ML,"3,500원"
마즈)스니커즈아이스바72ML,"3,500원"
마즈)트윅스아이스바59ML,"3,500원"
유어스(P)매일카페라떼파르페,"3,500원"
제스트코)킷캣아이스크림스틱,"3,500원"
동원)비타C자몽에이드500ML,"2,200원"
유어스)하늘가득납작복숭아330ML,"2,100원"
유어스)하늘가득사과330ML,"2,100원"
유어스)하늘가득유자레몬330ML,"2,100원"
유어스)하늘가득자몽330ML,"2,100원"
유어스)하늘가득적포도330ML,"2,100원"
진로)토닉워터600ML,"2,900원"
광동)옥수수수염차500ML,"2,200원"
광동)비타500 180ML,"1,900원"
동화약품)부채표미인활액75ML,"1,200원"
농심)파워O2(애플키위)500ML,"2,300원"
농심)이토엔오이오차녹차525ML,"2,200원"
농심)웰치스딸기탄산355ML,"1,500원"
농심)웰치스제로애플망고캔355ML,"1,500원"
농심)웰치스포도제로탄산355ML,"1,500원"
농심)웰치스포도탄산355ML,"1,500원"
농심)백산수500ML,"1,000원"
농심)백산수2L,"1,900원"
유어스)꿀쌍화150ML,"1,800원"
랩노쉬)프로틴드링크그레인350ML,"3,800원"
랩노쉬)프로틴드링크바나나350ML,"3,800원"
랩노쉬)프로틴드링크초코350ML,"3,800원"
라라스윗)꿀고구마빵샌드180ML,"3,300원"
라라스윗)저당고구마모나카140ML,"3,300원"
라라스윗)저당말차초코바90ML,"3,300원"
라라스윗)저당바닐라초코바90ML,"3,300원"
라라스윗)저당초콜릿초코바90ML,"3,300원"
풀무원)아임리얼(딸기),"3,700원"
맥심)TOP심플리스무스라떼240ML,"2,300원"
맥심TOP)심플리스무스블랙240ML,"2,300원"
맥심)TOP너티카라멜라떼300ML,"2,900원"
맥심)TOP마일드라떼300ML(컵),"2,900원"
맥심)TOP볼드라떼300ML(컵),"2,900원"
BR)아몬드봉봉밀키드링크300ML,"2,900원"
BR)엄마는외계인밀키드링크300ML,"2,900원"
배스킨라빈스)메롱멜론우유190ML,"1,500원"
배스킨라빈스)민트초코우유,"1,500원"
배스킨라빈스)솜사탕우유,"1,500원"
배스킨라빈스)스트로베리우유,"1,500원"
배스킨라빈스)쿠키앤크림우유,"1,500원"
남양)과수원사과200ML,"1,800원"
남양)테이크핏맥스고구마250ML,"2,900원"
남양)테이크핏맥스고소한맛250ML,"2,900원"
남양)테이크핏맥스바나나250ML,"2,900원"
남양)테이크핏맥스초코250ML,"2,900원"
남양)과수원사과팩190ML,"1,000원"
남양)초콜릿드링크초코에몽250ML,"1,900원"
덴마크)요구르트딸기275ML,"2,400원"
덴마크)요구르트베리믹스275ML,"2,400원"
덴마크)요구르트복숭아275ML,"2,400원"
덴마크)요구르트사과275ML,"2,400원"
덴마크)요구르트플레인275ML,"2,400원"
덴마크)하이요구르트280ML,"1,700원"
덴마크)인포켓치즈20G,"1,700원"
덴마크)인포켓치즈라이트20G,"1,700원"
덴마크)얼라이브망고250ML,"1,700원"
덴마크)얼라이브머스캣청포도250,"1,700원"
덴마크)얼라이브블러드오렌지250,"1,700원"
덴마크)얼라이브스위티자몽250ML,"1,700원"
오뚜기)데이프로틴바나나250ML,"2,900원"
오뚜기)데이프로틴오곡250ML,"2,900원"
오뚜기)데이프로틴초코250ML,"2,900원"
미쯔블랙)요거트133G,"2,300원"
빙그레)따옴사과주스235ML,"2,700원"
빙그레)따옴오렌지주스235ML,"2,700원"
빙그레)따옴한라봉청귤235ML,"2,700원"
빙그레)통모짜스트링치즈18G,"1,600원"
빙그레)통모짜체다스트링치즈20G,"1,600원"
빙그레)프로틴스트링치즈20G,"1,600원"
빙그레)요플레그릭마일드홈180G,"2,200원"
빙그레)요플레그릭아몬드바나나,"2,200원"
빙그레)더단백드링크초코250ML,"2,900원"
빙그레)더단백딸기250ML,"2,900원"
빙그레)더단백멜론250ML,"2,900원"
빙그레)더단백카라멜250ML,"2,900원"
빙그레)더단백커피250ML,"2,900원"
빙그레)왕실말차190ML,"1,600원"
빙그레)왕실초코190ML,"1,600원"
빙그레)아카페라사이즈업돌체,"2,600원"
빙그레)아카페라사이즈업디카페,"2,600원"
빙그레)아카페라사이즈업라떼,"2,600원"
빙그레)아카페라사이즈업바닐라,"2,600원"
빙그레)아카페라사이즈업아메리,"2,600원"
빙그레)아카페라마끼아또240ML,"2,000원"
빙그레)아카페라바닐라라떼240ML,"2,000원"
빙그레)아카페라아메리카노240ML,"2,000원"
빙그레)스페셜티에티오피아460ML,"3,000원"
빙그레)스페셜티탄자니아460ML,"3,000원"
하림)닭가슴살프로틴고소한맛240,"3,000원"
넷플릭스)다크초코콘150ML,"3,000원"
빙그레)끌레도르헤이즐넛초코,"3,000원"
서주)허쉬녹차초코바90ML,"3,000원"
서주)허쉬생초코바90ML,"3,000원"
서주)허쉬초코바90ML,"3,000원"
서주)허쉬초코탑콘(크리미아몬드,"3,000원"
서주)허쉬쿠키앤민트바90ML,"3,000원"
요아정)요거트초코쉘팝팝콘(딸기,"3,000원"
요아정)블루베리그릭요거트샌드,"3,000원"
디핀)말차초코구슬50ML(-18도),"2,500원"
라벨리)생말차바75ML,"2,500원"
빙)끌레도르쿠키앤크림바90ML,"2,500원"
스마일)퐁당쇼콜라아이스바80ML,"2,500원"
롯데)와,"2,200원"
진주)천하장사50G,"2,400원"
진주)천하장사콰트로치즈70G,"2,800원"
진주)천하장사28G,"1,500원"
롯데)빠삐코130ML,"1,800원"
CJ)햇반(매일잡곡밥)210G(3입),"7,900원"
CJ)햇반(발아현미밥)210G(3입),"7,900원"
CJ)햇반(흑미밥)210G(3입),"7,900원"
일해)오구오구꾼징어40G[D2],"5,700원"
일해)와!명태다50G[D2],"5,700원"
세이면)우리쌀떡국181G,"3,500원"
하림)유니자장덮밥소스150G,"4,000원"
하림)치킨크림카레덮밥소스150G,"4,000원"
오뚜기)뿌셔뿌셔불고기맛팝콘45G,"2,000원"
오뚜기)뿌셔뿌셔양념치킨맛팝콘,"2,000원"
오뚜기)순후추팝콘(봉지),"1,800원"
오뚜기)콘크림스프크리스피롤,"1,800원"
오뚜기)콘크림스프팝콘(봉지),"1,800원"
오뚜기)열라면프레첼50G,"1,700원"
오뚜기)뿌셔뿌셔(구운양파맛)90G,"1,500원"
오뚜기)뿌셔뿌셔(마요땅),"1,500원"
오뚜기)뿌셔뿌셔(바베큐맛),"1,300원"
BR)그린티크런치55G,"2,000원"
BR)뉴욕치즈케이크크런치55G,"2,000원"
훼밀리)에낙라면과자30G,700원
롯데)오잉K불황태맛60G,"1,700원"
롯데)꼬깔콘고소한맛(봉지/대),"3,400원"
롯데)꼬깔콘군옥수수맛(봉지/대),"3,400원"
롯데)치토스매콤달콤맛(봉지/대),"3,400원"
롯데)치토스바베큐맛(봉지/대),"3,400원"
키다리)세이면소고기쌀국수(대컵,"2,600원"
키다리)세이면잔치쌀국수(대컵),"2,600원"
켈)에너지바K레드베리35G,"2,000원"
카누)미니마일드10입,"3,800원"
동서)카누더블샷라떼(10입),"6,900원"
동서)맥심모카골드제로슈거20입,"7,600원"
맥심)슈프림골드믹스20입,"6,700원"
동서)그래놀라크랜베리아몬드컵,"2,400원"
동서)포스트아몬드후레이크컵35G,"2,400원"
동서)포스트크리치오컵30G,"2,400원"
포스트)그래놀라저당렌틸오트컵,"2,400원"
동서)단백질바50G,"2,100원"
동서)포스트에너지바45G(액티브),"2,100원"
동서)포스트에너지바50G(밸런스),"2,100원"
동서)포스트오곡코코볼바33G,"1,900원"
동서)포스트콘푸라이트바35G,"1,900원"
베베쿡)새우콩콩30G,"4,500원"
베베쿡)양파콩콩30G,"4,500원"
베베쿡)통통바나나30G,"4,500원"
베베쿡)사르르쿵딸기23G,"4,200원"
베베쿡)사르르쿵바나나23G,"4,200원"
베베쿡)사르르쿵치즈요거트23GD2,"4,200원"
누텔라&GO52G,"3,400원"
동서)리츠샌드위치크래커(지함),"2,400원"
오레오)웨하스스틱초코(지함),"3,400원"
동서)리츠크래커(지함),"2,000원"
동서)리츠크래커멕시칸타코73G,"2,000원"
동서)리츠크래커바삭김73G,"2,000원"
동서)리츠크래커어니언(지함),"2,000원"
동서)리츠크래커초코(지함),"2,000원"
오레오)민트초코(지함),"2,300원"
오레오)시나몬번(지함),"2,300원"
오레오)씬즈초코크림(지함),"2,300원"
오레오)씬즈화이트크림(지함),"2,300원"
하림)오늘단백카라멜바48G,"2,900원"
하림)오늘단백피스타치오바48G,"2,900원"
삼립)미니약과70G,"1,200원"
삼립)시그니처카스테라(4입),"3,800원"
삼립)우유치즈케익(3입),"4,900원"
삼립)잼있는딸기쿠키,"1,300원"
삼립)잼있는사과쿠키,"1,300원"
삼립)초코블랑,"1,500원"
성경)곱창김14G,"2,000원"
CJ)수제진한고기교자327G,"6,500원"
CJ)비비고수제만두김치200G,"4,900원"
CJ)비비고수제청양고기만두200G,"4,900원"
CJ)비비고찐만두168G,"4,900원"
CJ)비비고찐만두청양고추168G,"4,900원"
CJ)육즙불고기찐만두168G,"4,900원"
CJ)매콤달콤닭강정200G,"7,800원"
성경)세번구운김밥김22G,"5,000원"
래피젠)KF94마스크5매(검정),"5,500원"
래피젠)KF94마스크5매(베이지),"5,500원"
가농)비타민구운란,"2,600원"
포차)잔치국수191.3G,"3,900원"
포차)즉석우동218G,"3,900원"
끼리)단호박크림치즈수프180G,"3,500원"
끼리)양송이크림치즈수프180G,"3,500원"
쿠캣)공화춘직화무뼈닭발153G,"8,900원"
하림)춘천닭갈비볶음밥210G,"5,000원"
오뚜기)한컵코울슬로100G,"2,500원"
오뚜기)한컵콘샐러드100G,"2,500원"
오뚜기)XO슈마이고기133G,"4,000원"
오뚜기)XO슈마이새우133G,"4,000원"
오뚜기)버팔로봉200G,"7,900원"
오뚜기)리얼바삭한빅핫도그120G,"2,800원"
오뚜기)불고기피자UNO180G,"6,500원"
오뚜기)콤비네이션피자UNO195G,"6,500원"
오뚜기)페퍼로니피자UNO180G,"6,500원"
오뚜기)새우볶음밥230G,"4,500원"
오뚜기)참치김치치즈볶음밥230G,"4,500원"
고단백저당)쫀득빵(군옥수수맛),"2,500원"
고단백저당)쫀득빵(다크초코),"2,500원"
고단백저당)쫀득빵(토마토바질),"2,500원"
고단백저당)베이글(올리브피자),"2,500원"
고단백저당)베이글(체다치즈),"2,500원"
고단백저당)베이글(크랜베리호두,"2,500원"
고단백저당)베이글(플레인),"2,500원"
에이스)초코퐁당도넛60G,"1,200원"
에이스)추억의도나스70G,"1,200원"
까먹는바나나빵62G,"1,500원"
몽글스틱카스테라,"1,800원"
맵칼어묵떡볶이220G,"4,200원"
근본의맛)밀떡볶이300G,"3,000원"
근본의맛)쌀떡볶이300G,"3,000원"
미미네국물떡볶이230G,"3,900원"
롯데)의성마늘직꾸닭100G,"3,200원"
롯데)의성마늘직꾸닭매콤100G,"3,200원"
롯데)의성마늘빅프랑크90G,"2,900원"
Y(P)의성마늘치즈프랑크70G,"2,600원"
롯데)에센뽀득프랑크70G,"2,600원"
롯데)의성마늘후랑크70G,"2,600원"
우리집)새우어묵바70G,"3,000원"
우리집)오징어어묵바70G,"3,000원"
녹차원)제로슈가쌍화차(원컵),"1,800원"
녹차원)제로슈가율무차(원컵),"1,800원"
샘표)우리엄마매콤한깻잎70G,"3,200원"
폰타나뽀모도로파스타소스150G,"4,100원"
샘표)밥도둑메추리알장조림150G,"4,000원"
샘표)밥도둑돼지고기130G[D2],"4,600원"
샘표)질러갈릭바베큐육포30G,"4,900원"
샘표)질러부드러운우육포30G,"4,900원"
샘표)질러클래식육포30G,"4,200원"
청정)하루단백(초코케이크맛)40G,"1,800원"
청정)하루단백크런치카카오35G,"1,800원"
농심)가리비관자외피살구이14G,"3,900원"
마즈)비카인드씨솔트견과류바,"2,500원"
마즈)비카인드아몬드단백질바,"2,500원"
켈로그)저당그래놀라300G,"7,600원"
세아)NEW바베큐조미오징어50G,"6,900원"
세아)매콤달콤먹태구이40G,"6,900원"
밀스프로틴바(딥초코)15G,"2,500원"
밀스프로틴바(바닐라카라멜)15G,"2,500원"
흥선)사각사각새우&연어칩18G,"1,000원"
크라운)카라멜콘메이플(봉지),"1,500원"
크라운)콘치(봉지),"1,500원"
크라운)츄러스(봉지),"1,500원"
크라운)카라멜&땅콩(봉지),"1,500원"
크라운)못말리는신짱누룽지맛,"1,700원"
대상)맛소금팝콘55G,"1,800원"
유어스)터치쓰리일회용면도기1입,"1,200원"
바른생각)콘돔일반형,"4,300원"
갸스비)컬크림볼륨앤홀드60ML,"6,000원"
갸스비)슈퍼하드젤60G,"4,000원"
갸스비)스파이키왁스15G,"4,400원"
다슈)슈퍼매트왁스15ML,"5,000원"
다슈)홀딩파워왁스15ML,"5,000원"
반려동물)논슬립패드10매,"1,900원"
사조)로얄크랩50G,"3,000원"
사조)로얄크랩100G,"5,000원"
대림)랍스터킹128G,"5,500원"
사조)스노우크랩킹140G,"5,500원"
사조)스노우크랩킹버터140G,"5,500원"
Y(P)오모리김치어묵탕360G,"4,900원"
사조)소스에퐁닭갈릭데리130G,"5,500원"
사조)소스에퐁닭바질크림130G,"5,500원"
사조)소스에퐁닭양념치킨130G,"5,500원"
사조)닭가슴살마일드100G,"5,000원"
사조)닭가슴살블랙페퍼100G,"5,000원"
사조)닭가슴살훈제100G,"5,000원"
사조)직화닭가슴살마일드100G,"5,000원"
사조)직화닭가슴살트러플100G,"5,000원"
BR)슈팅스타초코볼32G,"2,000원"
배스킨라빈스엄마는외계인초코볼,"2,000원"
베리베리스트로베리초코볼32G,"2,000원"
에치와이)갓비움230ML,"2,400원"
Y)야쿠르트그랜드라이트280ML,"1,700원"
Y)야쿠르트그랜드복숭아280ML,"1,700원"
유어스)야쿠르트그랜드280ML,"1,700원"
바프)군옥수수맛아몬드40G,"2,500원"
바프)마늘빵아몬드40G,"2,500원"
바프)와사비맛아몬드40G,"2,500원"
바프)허니버터아몬드40G,"2,500원"
플레이브)군고구마츄60G,"4,200원"
대상)츄앤리얼고구마츄60G,"3,900원"
정화)불닭쫄깃쥐포60G,"5,900원"
넷플)오징어튀김85G,"7,900원"
신화)대왕오징어다리50G,"7,500원"
신화)오징어소면18G,"2,900원"
신화)촉촉한버터구이오징어42G,"7,000원"
청정원)프리미엄굴소스280G,"5,900원"
청정원)프리미엄굴소스260G,"6,000원"
대상)두번달여더진한진간장200ML,"2,300원"
대상)양조간장500ML,"5,800원"
대상)국간장500ML,"5,500원"
대상)진간장500ML,"4,000원"
CJ)꾸덕납작누들(매콤로제),"4,500원"
CJ)꾸덕납작누들(숯불치킨맛),"4,500원"
CJ)비비고닭곰탕500G,"5,900원"
CJ)비비고설렁탕500G,"5,900원"
CJ)비비고소고기미역국500G,"5,900원"
CJ)비비고육개장500G,"5,900원"
CJ)햇반파로누룽지30G,"2,400원"
CJ)햇반현미누룽지30G,"2,400원"
CJ)비비고떡볶이컵110G,"3,900원"
CJ)비비고로제컵떡볶이108G,"3,900원"
CJ)비비고치즈떡볶이컵108G,"3,900원"
CJ)햇반(발아현미밥)130G(3입),"5,950원"
CJ)햇반(흑미밥)130G(3입),"5,950원"
CJ)햇반발아현미밥작은공기130G,"2,100원"
CJ)햇반흑미밥작은공기130G,"2,100원"
CJ)말차햇반150G,"2,800원"
CJ)햇반(발아현미밥)210G,"2,800원"
CJ)햇반(찰잡곡밥)210G,"2,800원"
CJ)햇반(현미쌀밥)210G,"2,800원"
CJ)햇반(흑미밥)210G,"2,800원"
CJ)햇반12곡밥210G,"2,800원"
CJ)햇반매일잡곡밥210G,"2,800원"
CJ)햇반서리태흑미밥210G,"2,800원"
CJ)큰햇반300G(3입),"8,300원"
CJ)햇반작은공기130G(3입),"5,100원"
CJ)햇반200G(3입),"5,700원"
CJ)햇반반공기130G,"1,700원"
CJ)큰햇반300G,"2,900원"
CJ)햇반(원형)210G,"2,100원"
동원)진한사골쌀떡국151G,"3,900원"
동원)양반차돌육개장460G,"5,900원"
동원)양반누룽지닭죽285G,"4,500원"
동원)양반단호박죽285G,"4,500원"
동원)양반밤단팥죽285G,"4,500원"
동원)양반전복죽287G,"4,500원"
동원)양반참치죽287G,"4,500원"
웰그린)단백하이프로틴(바나나),"3,900원"
웰그린)단백하이프로틴코코넛40G,"3,900원"
동원)리챔120G,"4,200원"
동원)야채참치90G,"3,300원"
동원)고추참치150G,"4,400원"
동원)야채참치150G,"4,400원"
동아)박맛젤스위트앤사워50G,"1,700원"
동아)박맛젤50G,"1,700원"
CC)반값여성덧신(살구),"1,200원"
ZK)쿨토시(검정),"6,500원"
ZK)쿨토시(백색),"6,500원"
ZK)쿨토시(블루),"6,500원"
ZK)쿨토시(회색),"6,500원"
ZK)여성골지양말2매,"5,900원"
ZK)남성스니커즈2매(믹스),"5,900원"
유어스)비비안팬티스타킹(살구)L,"3,800원"
니베아)엑스트라화이트스프레이,"7,900원"
니베아)데오드라이롤온50ML,"10,300원"
니베아)데오롤온쿨킥,"10,300원"
니베아)엑스트라화이트롤온50ML,"10,300원"
니베아)립케어더마SOS케어,"6,500원"
니베아)립케어스트로베리,"5,500원"
니베아)립케어포맨,"5,500원"
한성)숯불구이맛후랑크70G,"2,000원"
한성)크래미90G,"3,500원"
동원)리얼관자크랩스72G,"4,900원"
동원)리얼관자크랩스72G(버터),"4,900원"
삼진)1953어묵순살바80G(매운맛),"3,500원"
삼진)1953어묵순살바80G(야채맛),"3,500원"
삼진)1953어묵순살바80G(오징어),"3,500원"
CJ)모닝두부(오곡참깨),"2,000원"
CJ)모닝두부(클래식),"2,000원"
CJ)맛있는콩부침용300G,"1,900원"
CJ)맛있는콩찌개용300G,"1,800원"
CJ)맥스봉갈릭후랑크80G,"2,700원"
CJ)맥스봉숯불구이맛핫바90G,"2,700원"
CJ)맥스봉청양고추후랑크80G,"2,700원"
CJ)직화구이꼬치바(청양)90G,"2,700원"
CJ)직화구이꼬치바90G,"2,700원"
CJ)맥스봉치즈50G,"2,200원"
CJ)맥스봉치즈70G,"2,600원"
흑백)최강록떡볶이맛두부바100G,"3,700원"
하림)직화닭가슴살갈비구이100G,"4,900원"
하림)직화닭가슴살바베큐구이100,"4,900원"
하림)직화닭가슴살소금구이100G,"4,900원"
하림)닭가슴살갈릭100G,"4,700원"
하림)닭가슴살블랙페퍼100G,"4,700원"
하림)닭가슴살훈제100G,"4,700원"
동원)더킹랍스터70G,"2,500원"
동원)더킹크랩스70G,"2,500원"
리치)치즈킬바사후랑크90G,"2,600원"
리치)킬바사후랑크90G,"2,600원"
쿠캣)실비김치만두(6입)168G,"3,900원"
쿠캣)딸기쏙우유찹쌀떡2입,"3,700원"
대상)안주야직화무뼈닭발160G,"9,500원"
대상)안주야직화불막창160G,"9,500원"
해태)고향만두378G,"5,300원"
타월빌리)휴대용타월그란데,"3,200원"
타월빌리)휴대용압축수건(10매),"8,800원"
에너자이저맥스AA4입,"9,900원"
에너자이저맥스AAA4입,"9,900원"
에너자이저맥스AA2입,"5,600원"
에너자이저맥스AAA2입,"5,600원"
쫄깃한한우)콜라겐껌단호박,"4,500원"
쫄깃한한우)콜라겐껌블루베리,"4,500원"
쫄깃한한우)콜라겐껌연어,"4,500원"
퍼피아이)고구마치킨100G,"4,500원"
헬로)츄츄(고양이간식/참치),800원
리치)매콤로제납작면175G,"4,200원"
CJ)비비고한울썰은배추김치130G,"3,300원"
CJ)비비고썰은배추김치60G,"1,350원"
CJ)비비고썰은배추김치100G,"2,000원"
CJ)비비고김치200G,"3,500원"
흥선)크래커야채맛43G,990원
흥선)크래커오리지널맛43G,990원
흥선)요거트타르트쿠키90G,"2,000원"
흥선)초콜릿타르트쿠키90G,"2,000원"
흥선)벌집모양곤약즈마장맛20G,800원
흥선)벌집모양곤약훠궈맛20G,800원
흥선)사워팝구미콜라향40G,"1,500원"
흥선)사워팝구미포도맛40G,"1,500원"
삼양)맵탱마늘조개라면(봉),"1,500원"
삼양)맵탱청양대파라면(봉),"1,500원"
삼양)탱글갈릭오일파스타(봉지),"2,200원"
삼양)탱글머쉬룸크림파스타(봉지,"2,200원"
삼양)1963삼양라면(봉지),"1,900원"
삼양)맵탱마늘조개라면(대컵),"1,800원"
삼양)맵탱청양고추대파(대컵),"1,800원"
삼양)탱글갈릭쉬림프파스타(대컵,"2,500원"
삼양)탱글갈릭오일파스타(대컵),"2,500원"
삼양)탱글머쉬룸파스타(대컵),"2,500원"
삼양)탱글바질토마토파스타(대컵,"2,500원"
삼양)탱글청크토마토파스타(대컵,"2,500원"
마즈)엠앤엠즈튜브토퍼28G,"3,000원"
마즈)이클립스플러스(꿀&레몬향),"3,500원"
마즈)이클립스플러스(배&비파향),"3,500원"
마즈)스키틀즈사우워40G,"1,500원"
마즈)스키틀즈오리지널45G,"1,500원"
위카)고등어와연어80G(성묘),"1,500원"
위카)참치80G(고양이/자묘),"1,500원"
샤프란)핑크센세이션1L,"4,300원"
테크750G,"6,500원"
쏘피)유기농무표백라이너롱18P,"5,900원"
쏘피)순한면슈퍼롱3P,"4,500원"
해태)프리츠발효버터(지함),"1,500원"
해태)프리츠토마토(지함),"1,500원"
해태)초코픽45G,"1,800원"
해태)에이스121G,"1,700원"
CJ)스팸25%라이트340G[D2],"8,900원"
CJ)스팸340G,"8,900원"
CJ)스팸200G,"6,900원"
CJ)스팸120G,"4,700원"
오)오!그래놀라저당통보리255G,"6,200원"
오리온)오!그래놀라유산균바1200,"1,200원"
허쉬)말차핫초코(원컵),"2,200원"
동원)참치튜나페(갈릭마요),"4,900원"
동원)참치튜나페(고소마요),"4,900원"
해태)연양갱900,900원
해태)연양갱카카오맛55G,900원
해태)미니자유시간200G,"6,000원"
해태)화이트엔젤큐티슈27G,"1,700원"
미성)실카아몬드초콜릿38G,"1,500원"
미성)허쉬다크초콜릿블루베리35G,"2,000원"
미성)허쉬다크초콜릿석류35G,"2,000원"
사조)쥐포후라이드불닭맛40G,"5,900원"
사조)쥐포후라이드허니소이맛40G,"5,900원"
템포레귤라10입,"7,900원"
템포슈퍼10입,"7,900원"
가그린)제로380ML,"5,500원"
가그린)오리지널100ML,"2,300원"
가그린)제로100ML,"2,300원"
페리오휴대용치약칫솔세트,"3,900원"
페리오)덴탈쿨링마우스스프레이,"4,200원"
담터)자판기우유맛한잔(원컵),"1,800원"
담터)호두아몬드율무차15입,"6,000원"
스타벅스)다크로스트10T,"5,500원"
스타벅스)미디엄로스트10T,"5,500원"
스타벅스)블론드로스트10T,"5,500원"
한성)런천미트340G,"5,900원"
한성)런천미트200G[D2],"3,900원"
한성)고미트햄340G[D2],"8,200원"
서주)앤디스민트웨하스45G,"2,200원"
서주)몬치치딸기와플55G,"2,500원"
오리온)에너지바미니310G,"10,000원"
롯데)빈츠102G,"3,300원"
크라운)고소한땅콩샌드(지함),"1,600원"
크라운)쿠크다스커피(지함),"3,000원"
CJ)맛군밤60G,"3,900원"
CJ)맛밤80G,"3,900원"
오리온)톡핑아몬드&그래놀라,"1,600원"
오리온)핫브레이크416G,"10,000원"
오뚜기)짜슐랭(봉지),"1,200원"
오뚜기)진밀면(봉지),"1,700원"
오뚜기)진비빔면(봉지),"1,250원"
오뚜기)육개장(소컵),"1,100원"
오뚜기)매콤컵누들(소컵),"1,800원"
오뚜기)우동컵누들(소컵),"1,800원"
오뚜기)컵누들열라면(소컵),"1,800원"
오뚜기)컵누들저당불닭(소컵),"1,800원"
오뚜기)컵누들진짬뽕(소컵),"1,800원"
오뚜기)제주라면(대컵),"2,300원"
오뚜기)라면볶이(대컵),"1,800원"
오뚜기)라파게티(대컵),"1,800원"
오뚜기)이금기굴짬뽕(대컵),"1,900원"
오뚜기)이금기볶음짬뽕(대컵),"1,900원"
오뚜기)열라면(대컵),"1,400원"
오뚜기)진라면순한맛(대컵),"1,400원"
코피코카푸치노블리스터,"1,000원"
서주)한교동포도젤리42G,"2,500원"
서주)제로백젤리42G,"2,000원"
서주)젤리의연금술42G,"2,000원"
서주)헬로키티베리에이스42G,"2,000원"
PLAY)플레이샤크젤리55G,"1,500원"
네슬레)프루팁스(대)140G,"4,500원"
네슬레)프루팁스리치맛140G,"4,500원"
몬델리즈)호올스라임27.9G,"1,200원"
몬델리즈)호올스멘토립투스27.9G,"1,200원"
몬델리즈)호올스스트로베리27.9G,"1,200원"
몬델리즈)호올스아이스블루27.9G,"1,200원"
몬델리즈)호올스허니레몬27.9G,"1,200원"
호올스)제로슈가민트15.4G,"2,000원"
호올스)제로슈가민트수박향15.4G,"2,000원"
오)아이셔츄자두요구르트193.5G,"3,800원"
오리온)통아몬드캔디,"2,000원"
오리온)자두알맹이1200,"1,200원"
오리온)아이셔캔디(청사과)42G,900원
크라운)새콤달콤(포도)500,500원
크라운)새콤달콤복숭아29G,500원
크라운)마이쮸(딸기)800,800원
크라운)마이쮸(사과)800,800원
크라운)땅콩카라멜2000,"2,000원"
크라운)비단박하캔디2000,"2,000원"
훼밀리)아폴로35G,800원
코카콜라제로레몬캔350ML,"2,100원"
코카콜라제로제로캔350ML,"2,100원"
코카콜라제로캔350ML,"2,100원"
롯데)실론티말차라떼340ML,"2,700원"
칸타타)하모니돌체라떼340ML,"2,700원"
롯데)아이시스500ML,"1,100원"
롯데)아이시스2L,"1,950원"
칸타타)콘트라베이스라떼PET500,"2,700원"
칸타타)콘트라베이스블랙PET500,"2,700원"
칸타타)콘트라베이스블랙샷500ML,"2,700원"
칸타타)콘트라베이스스윗PET500,"2,700원"
롯데)펩시제로라임500ML,"2,300원"
롯데)펩시제로제로500ML,"2,300원"
롯데)펩시제로피치500ML,"2,300원"
롯데)펩시콜라600MLPET,"2,300원"
CJ)밸런스밀바피넛버터34G,"2,900원"
더리얼)크리미DOG연어&닭가슴살,"4,300원"
더리얼)맥시칸양념멍쿠키60G,"3,500원"
하림)건강무스NO스트레스40G,"3,000원"
하림)건강무스알맞은체중40G,"3,000원"
하림)건강무스헤어볼케어40G,"3,000원"
하림)더리얼필렛닭가슴살30G,"2,400원"
뉴트리플랜)라이트팝단호박,"4,500원"
뉴트리플랜)라이트팝자색고구마,"4,500원"
뉴트리플랜)하루영양(면역/관절),"2,400원"
뉴트리플랜)하루영양(유리너리),"2,400원"
뉴트리플랜)디쉬(참치&닭가슴살),"3,000원"
뉴트리플랜)애견홀릭(닭가슴살),"3,000원"
뉴트리플랜)애견홀릭(흰살참치),"3,000원"
동원)애묘파우치(참치와연어)80G,"1,500원"
동원)뉴트리플랜참치(닭가슴살),"2,000원"
동원)뉴트리플랜참치(멸치),"2,000원"
동원)뉴트리플랜참치(치즈),"2,000원"
쁘띠첼)과일젤리밀감90G,"2,000원"
쁘띠첼)과일젤리복숭아90G,"2,000원"
조지아)라떼470ML,"2,800원"
조지아)블랙470ML,"2,800원"
조지아)스위트블랙470ML,"2,800원"
조지아)저당라떼470ML,"2,800원"
조지아)콜드브루블랙470ML,"2,800원"
유어스)보솜이물티슈20매,"2,000원"
봄날)소소한입군고구마20G,"1,500원"
슈슈땅콩)치즈스위트40G,"2,000원"
슈슈땅콩)카푸치노스위트40G,"2,000원"
하림)장인라면담백한맛(대컵),"2,800원"
하림)NEW장인라면얼큰한맛(대컵),"2,800원"
하림)더미식오징어라면(대컵),"2,800원"
하림)훌라면(대컵),"2,100원"
