,title,description
0,광주 휴대폰 성지 저렴한 스마트폰 개통 방법,"광주 휴대폰 성지 저렴한 스마트폰 개통 방법 스마트폰은 이제 일상에서 빠질 수 없는 존재가 되었습니다. 아침에 눈을 뜨면 알람을 끄는 것부터 시작해 일정 확인, 메신저 확인, 뉴스 확인까지 대부분의 생활이... "
1,포항 휴대폰 성지 현실적인 스마트폰 구매 방법,&quot; 해당 포스팅은 소정의 원고료를 받아 작성된 포스팅 입니다 &quot; 포항 휴대폰 성지 현실적인 스마트폰 구매 방법 요즘에는 스마트폰이 단순한 도구가 아니라 일상의 흐름 자체를 결정하는 수단처럼 여겨지곤... 
2,카메라 추천' DJI 액션캠 VS 아이폰 16 프로 스마트폰 비교,"브이로그용 카메라를 선택할 때 아이폰 16 프로 같은 스마트폰보다 DJI 오즈모 액션 5 프로와 같은... 같은 스마트폰은 화면이 미세하게 튀는 현상이 남을 수 있습니다. 반면, 액션캠은 화각도 넓고 손떨림 보정이... "
3,포항 휴대폰 성지 꼼꼼하게 비교한 스마트폰 비용 차이,"*해당 포스팅은 롯데하이마트로부터 소정의 원고료를 지원받아 작성되었습니다* 하루 중 스마트폰을... 은행 업무나 일정 관리, 사진 저장은 물론이고 길 찾기나 음식 주문까지 모두 스마트폰 하나로 해결되는... "
4,핸드폰 방수케이스 수이즈 스마트폰 핸드폰 방수팩 후기,"* 핸드폰 방수케이스 수이즈 스마트폰 핸드폰 방수팩 후기 핸드폰 방수팩을 여름 물놀이 준비물로... 수이즈 방수팩은 휴대폰을 넣을 공간이 여유 있게 느껴졌고, 물가에서도 스마트폰을 바로 확인할 수 있는... "
5,스마트폰과의 전쟁,"스티브 잡스가 선물처럼 던져주고 간 스마트폰은 인간의 생활 문화를 송두리째 바꾸어 놓았고, 동시에 스마트폰 중독이라는 새로운 질병을 안겨주었습니다. 지하철과 버스 안에서 책과 신문을 읽던 사람들은... "
6,DJI MIC MINI 2 아이폰 무선 마이크 스마트폰,사용할 수 있는 배터리 용량과 스마트 절약 모드 등 실용성이 굉장하기 때문에 추천함. 엄청나게 만족스러운 목소리 퀄리티를 담아낼 수 있어서 좋다. #DJIMICMINI2 #무선마이크 #아이폰마이크 #스마트폰마이크
7,휴대폰 스마트폰 침수시 대처법,렌즈에 습기가 찬 이유는 스마트폰 뒷면 접착부가 오랜 사용으로 인해 기능이 약해져서 그부분이 살짝... 휴대폰 침수되면서 느낀건데 스마트폰도 수명이 있으니 고장 안나더라도 2~3년쯤 썼으면 점검을 받자!... 
8,공대감성 디자인 가성비 스마트폰 낫싱폰 4a 써보니,감각적인 디자인은 식상해진 스마트폰 시장에서 단연 중심에 있었는데요. 개성있는 디자인을 넘어... 가성비 스마트폰&quot; 이라는 생각이 들었습니다. 제품을 개봉해서 보면 고유한 디자인은 물론 케이스... 
9,"갤럭시 A36, A시리즈 삼성 보급형 스마트폰 후기","보급형 스마트폰 후기 여름 휴가철마다 야외에서 사진을 잔뜩 찍다 보면 저장 공간 부족, 화면 잘 안 보임, 배터리 금방 방전 같은 문제가 한꺼번에 터지죠. 이런 불편을 겪고 나면 자연스럽게 스마트폰... "
10,샤오미 17T 가성비 스마트폰 출시 &quot;이 가격에 라이카 5배 망원?&quot;,샤오미 17T 가성비 스마트폰 출시 &quot;이 가격에 라이카 5배 망원?&quot; 스마트폰 값이 다 같이 오르는 와중에 79만 원짜리 폰에 라이카 5배 망원 카메라가 들어왔다. 주인공은 6월 5일 한국에 정식 출시된 샤오미... 
11,"앱 캐시 삭제 방법, 스마트폰 용량 부족할 때 필수!",스마트폰에 아무런 문제가 생기지 않습니다. 오히려 주기적인 정리도 용량 확보뿐 아니라 버벅대는 폰... 알아보고 스마트폰 저장 공간을 더 스마트하게 관리할 수 있습니다. 1) 캐시 삭제는 2~3개월에 한 번씩만!... 
12,광주 휴대폰 성지 스마트폰 싸게 구매하는 방법 비교,"광주 휴대폰 성지 스마트폰 싸게 구매하는 방법 비교 샤워할 때마다 영상을 틀어두는 습관이 있었어요.... 스마트폰을 싸게 구매하는 방법을 비교하면서 느낀 점은, 총 비용을 보는 게 핵심이라는 거였어요.... "
13,"이제는 필수, 스마트폰 활용도를 극대화하는 방법!",※ 결론: 스마트 라이프를 구축할 시간 아이폰 단축어 자동화는 복잡하고 번거로운 스마트폰 수동 조작을 생략해 주는 가장 강력한 iOS 기본 유틸리티입니다. 처음에는 위치나 배터리 상태 등 간단한 조건부터... 
14,샤오미 17프로 후면 디스플레이 스마트폰 출시일,"샤오미 17프로 후면 디스플레이 스마트폰 출시일 샤오미가 새로운 플래그십 모델인 샤오미 17 프로를... 성능 이번 제품은 스냅드래곤 8 엘리트 젠5 칩셋을 탑재한 최초의 스마트폰으로 주목받았지만, 실제... "
15,아이폰15 프로맥스 promax 호불호 스마트폰,"아이폰15 프로맥스 promax는 호불호가 있는 스마트폰으로 장, 단점이 있으며 관련된 부분이 궁금하신... 끝맺음 오늘은 아이폰15 프로맥스 promax 스마트폰 관련해서 알아보았습니다. 보통 아이폰 시리즈... "
16,스마트폰 방수팩 여름 물놀이 필수템 준비!,스마트폰 방수팩 여름 물놀이 필수템 글. 사진. 영상 @레쿵별 안녕하세요 :) 형제맘 레쿵별입니다 여름이... 하는데요 스마트폰을 가방에 넣어두면 사진 찍고 싶을 때마다 꺼내기 번거롭고 그렇다고 손에 들고... 
17,"moto g86 power 5G 출시, 업무용폰 딱인 이유! 스마트폰추천","업무용 스마트폰추천을 찾다 보면 늘 같은 걱정을 하게 되죠. 배터리가 하루를 버텨줄지... 그리고 사무실에서 하루 종일 폰 들여다보고 나면 눈이 뻑뻑해지는 게 당연한 줄 알았는데, 3-in-1... "
18,스마트폰 KB증권 앱 M-able 주식 매수하기 모두를 위한... ,80이 넘으신 외삼촌께서는 나름 스마트폰으로 능숙하게 인터넷 뱅킹도 하시면서 주위 사람들을... 외삼촌 ♥ #케이비증권앱사용법 #KB증권앱사용법 #앱으로주식매수하는방법 #스마트폰으로주식하는방법... 
19,"아이폰 17e 스마트폰 추천, 비싼 플래그십 대신 선택해도 될까?",스마트폰을 바꿀 때 가장 부담되는 부분은 가격입니다. 요즘 플래그십 모델은 성능이 뛰어나지만... 스마트폰 추천 기준에서 보면 아이폰 17e는 최고 사양보다 가격 균형과 실사용 만족도를 중시하는... 
20,"오픈 AI 스마트폰 양산 시점, 1년 앞당겨진 진짜 이유?","둘째, AI 에이전트 폰 시장의 경쟁 가속화입니다. 삼성/구글/애플은 자사 OS 위에 생성형 AI를 빠르게... 스크린리스 스마트 스피커 형태로, 2027년 초 출시가 예정돼 있습니다. 오픈 AI 스마트폰은 2027년... "
21,스마트폰·SNS 중독의 사회적 경고와 개인적 해법,얼마 전 글에서 ‘스마트폰 중독에서 벗어나는 방법’에 관해 이야기했습니다. 스마트폰 중독과 사회관계망서비스(SNS) 중독은 우리나라만 아니라 세계 여러 나라의 사회적 재앙이 됐다고 생각합니다.... 
22,"갤럭시 A36, 가성비 A시리즈 스마트폰의 새로운 기준","갤럭시 A36, 가성비 A시리즈 스마트폰의 새로운 기준 안녕하세요. 요즘처럼 물가가 오를 때 스마트폰 교체는 괜히 망설여지기 마련인데요. 100만 원을 훌쩍 넘는 플래그십은 부담스럽고, 그렇다고 싼... "
23,갤럭시 스마트폰 측면 버튼을 두 번 누르면 생기는 일,"갤럭시 스마트폰 측면의 전원 버튼을 두 번 누르는 기능은 기본적으로 '카메라 빠른 실행'으로... 자주 쓰는 앱을 바로 열거나, 손전등을 켜는 등 설정을 바꾸면 스마트폰 활용도가 훨씬 높아집니다. 어떤... "
24,포항 휴대폰 성지 체계적인 스마트폰 비교 조건,포항 휴대폰 성지 체계적인 스마트폰 비교 조건 아침에 알람을 끄는데 화면이 한 박자 늦게 반응했고... 이번 경험을 통해 스마트폰 구매가 단순 소비가 아니라 계약이라는 걸 실감했어요. 기기 가격만 보는 게... 
25,"맥세이프 그립톡 유목민 인생템, 스마트폰 거치대","그립톡 덕분에 지하철처럼 흔들리는 곳에서도 스마트폰 떨어뜨릴 걱정이 없더라고요. 안정감이 정말 최고인 것 같아요. 누워서 폰 볼 때 얼굴에 떨어뜨리는 일, 이제는 없을 것 같아요. 그립감이 정말 좋아서 한... "
26,스마트폰  갤럭시 유심 교체 방법 및 데이터 옮기기,유심 트레이 위치 찾아서 유심을 빼주면 되는데요 일단 유심을 빼기 전 스마트폰 전원을 꺼줘야 하는데요 켜 놓고 했다가 오류가 생길 수도 있어서 꺼 놓고 해야 한다고 하더라고요 그래서 저도 옮길 폰 옮겨야... 
27,"갤럭시 스마트폰 삼성 덱스 DeX TV 모니터 연결, 사용 방법",비교적 최신 스마트 TV의 경우 대부분 Miracast를 지원하기 때문에 오래되지 않은 TV를 보유하는 경우에는 무선으로 사용할 수 있을 확률이 높다. 갤럭시 스마트폰 삼성 덱스 사용법 삼성 DeX를 활용해 TV... 
28,갤럭시a56 가성비스마트폰 갤럭시퀀텀 6 특징 장단점,아마도 아시는 분들은 알겠지만 가성비스마트폰에 속하는 모델로 한국 네이밍은 갤럭시퀀텀 6이며... 가성비스마트폰을 찾으시는 경우 참고하시길 바라며 제가 준비한 이야기는 여기까지 다들 즐거운 하루... 
29,갤럭시 S26 울트라 카메라 스펙 삼성 스마트폰 추천 포인트는,플래그십 삼성 스마트폰 추천을 할 때는 갤럭시 카메라 스펙을 꼼꼼하게 비교하고 있습니다. 2026년 삼성의 최신 플래그십 스마트폰인 갤럭시S26 울트라 역시 카메라를 중요하게 생각하는 사용자들에게 상당히... 
30,"삼성전자 페스티벌 참여처, 신청방법, 스마트폰 핸드폰 구매처... ",스마트폰은 한 번 구매하면 몇 년 동안 사용하는 제품인 만큼 가격 부담이 적지 않은데요. 같은 제품을... 평소 스마트폰 구매를 고민했다면 그냥 지나치기 아쉬운 타이밍이라는 생각이 들더라고요 :) 같은... 
31,이제 아이폰 에서도 자녀 스마트폰 관리 대폭 강화! (핸드폰... ,"이제 아이폰 에서도 자녀 스마트폰 관리 대폭 강화! (핸드폰 관리 앱) 아이가 스마트폰을 사용하는... '자식의 폰'과 싸우는 부모와 아이들, 취재해보니 오마이뉴스 그래서 최근에는 단순히 사용 시간을... "
32,남양주 65세이상 스마트폰 무료 교육 - 이석영뉴미디어도서관,몰라도 그런대로 살았는데..가 아니라 이제부터 배우셔서 더 즐겁고 편리한 스마트한 생활을 누려보세요. 2025년 이석영뉴미디어 도서관 수업 장면 (사진출처 : 이석영뉴미디어도서관 인스타) #스마트폰무... 
33,"갤럭시 버디4, 6.7형 대화면 삼성 보급형 스마트폰","갤럭시 버디4는 LG유플러스 전용 실속형 5G 삼성 보급형 스마트폰입니다. 출고가는 39만 9,300원으로... 삼성 보급형 스마트폰이지만 화면 크기와 패널 구성은 꽤 괜찮은 편인데요. 글씨와 영상이 크게 보이기... "
34,유럽여행 준비물 에가든 와이어 체인 스마트폰 도난방지... ,해외여행 가면 스마트폰 분실 제일 신경 쓰이죠. 특히 유럽 관광지에서는 핸드폰을 손에 들고 다니면... 이번에 유럽여행 갈 때 챙겼던 준비물로 '에가든 와이어 스마트폰 체인' 도난방지 아이템으로는 진짜... 
35,갤럭시J J3 J4 플러스 J415 삼성 작은 스마트폰 비교,갤럭시J J3 J4 플러스 J415 삼성 작은 스마트폰 비교 안녕하세요. 아전입니다. 갤럭시S와 A 라인은... 갤럭시 J시리즈 작은 스마트폰 2017년 8월에 LG U+를 통해 국내 시장에 갤럭시 J3 2017 에디션이 처음... 
36,포항 휴대폰 성지 합리적인 스마트폰 구매 조건,"스마트폰 구매 조건 요즘은 휴대폰이 없으면 하루가 잘 굴러가지 않는다는 말이 괜한 이야기가 아니었어요. 아침에 알람을 끄는 순간부터 일정 확인, 메신저 답장, 출근길 음악 재생까지 모든 시작이 스마트폰에... "
37,휴대폰 핸드폰 방수팩 스마트폰 물놀이 필수템,"요즘 스마트폰들이 생활방수를 지원하는 건 기본이긴 하죠. 하지만 보급형 모델 중에서는 지원하지... 또, 수압이 좀 더 강해지면 방수가 안되기도 하고 예상치 못한 변수가 많은데 여름 휴가 출발 전 스마트폰... "
38,"스마트폰 숏폼 이전과 이후, SNS 중독 | 더이상 이전으로... ","되는 스마트기기 관리부터 제대로 해주었으면 좋겠음  이미 스마트폰이 문화, 생활의 일부가 된 상태에서 머리 굵어진 아이들에게 스마트폰을 빼앗아 절제시키는 것은 불가능한 일. 쇼츠와 릴스같은 숏폼은... "
39,"[EVENT] 역대급 국내 5월 은하수 관측 시기, 스마트폰 촬영 꿀팁... ",[실전 은하수 관측과 스마트한 준비물] 은하수를 사진으로 기록할 때는 스마트폰과 삼각대만으로도 기본적인 촬영이 가능합니다. 먼저 스마트폰은 흔들림이 생기지 않도록 삼각대 또는 스마트폰 거치대에... 
40,스마트폰 편하게 잡는 방법 맥세이프거치대 이용하면 되지요,스마트폰 사용하면서 가장 많이 사용하는 악세사리 탑3를 뽑는다고 하면.... 케이스 보호필름 그리고 그립톡같은 스마트폰 사용을 편리하게 하기 위한 스마트폰거치대 같은 제품인데요 우선 이런류의... 
41,1228회차 로또 모바일 구매 2026년 06월 08일 스마트폰... ,그래서 오늘은 바쁜 일상 속에서도 스마트폰 하나로 간편하게 즐길 수 있는 유용한 정보와 함께... #동행복권 #인터넷복권 #lotto #number #직장인부업  목차  누구나 할 수 있는 초간단 복권 게임 방법  스마트폰으... 
42,수납력까지 완벽! 스마트폰 방수팩 고를 때 꼭 확인한 이유,"스마트폰 방수팩 고를 때 꼭 확인한 이유! 여름만 되면 바다, 계곡, 워터파크, 수영장 등 물놀이 계획이... 그런데 매번 고민되는 것이 바로 스마트폰 보관이었습니다. 방수 기능이 있는 스마트폰이라고 해도... "
43,"북플립 내 서재 내보내기, 네이버 mail을 스마트폰 메일과... ",(3단계에서 비밀번호 칸에 이 번호를 입력해야 합니다) 3단계 : 스마트폰 기본 메일 앱에 연동하기 이제 스마트폰 기종에 맞게 네이버 이메일을 추가해 주면 끝납니다. 참고로 아래 설명은 개인 폰 사양에... 
44,&quot;바퀴 달린 스마트폰&quot; 볼보가 작정하고 만든 '이 전기차' 한... ,바퀴 위 스마트폰 정체는 바로 볼보 ES90이다. 볼보가 작정하고 만든 차세대 전기 플래그십 세단이다. 볼보는 이 차를 두고 바퀴 달린 스마트폰이라 부른다. 쉽게 말하면 차를 산 뒤에도 계속 똑똑해진다는... 
45,[펌]스마트폰 화면을 PC로 미러링하는 쉬운 방법,Windows 10 환경에서 갤럭시 스마트폰의 Smart View(스마트뷰) 기능을 이용해 PC로 화면을 미러링하는 방법을 단계별로 안내해 드릴게요. 이 작업은 별도의 케이블 없이 동일한 Wi-Fi(공유기)에 PC와... 
46,태블릿 스마트폰 휴대용 블루투스 멀티페어링 아이노트... ,"태블릿이나 스마트폰으로 문서 작업을 하다 보면 화면 Keyboard가 답답할 때가 있죠. 오늘은 접이식... 멀티페어링 활용 스마트폰, 태블릿, 노트북을 번갈아 쓰는 분들이 많습니다. 이때 기기마다 Keyboard를... "
47,하남휴대폰성지 스마트폰 가격 비교 후 구매,스마트폰 구매 전 확인할 내용 3. 시세 보는 방법 4. 가격 비교 해야하는 이유 5. 요약 정리 1. 하남 휴대폰... 스마트폰 구매 전 확인할 내용 옛날에는 대리점에 가면 가장 먼저 얼마인지부터 물어봤습니다. 그런데... 
48,갤럭시 보급형 스마트폰 J7 와이드 2 3 구형폰 특징은?,"갤럭시 보급형 스마트폰 J7 와이드 2 3 구형폰 특징은? 부담없이 사용하기에는 플래그십보다 손에... 갤럭시 와이드2, 2017년 보급형 삼성보급형스마트폰 라인업 중 하나로 2017년 출시한 갤럭시 와이드2는... "
49,갤럭시a17 사용리뷰 삼성 보급형 스마트폰 퀄리티 최강,갤럭시a17 사용 리뷰를 준비하였으며 삼성 보급형 스마트폰으로 비용대비 퀄리티가 괜찮은 편에... 물론 스마트폰을 처음 접근하시는 분들에게는 이 부분이 익숙하시지않을 것 같다는 생각이 들지만 필요한... 
50,"스마트폰 수리와 데이터 복구의 차이점, 알고 맡겨야 데이터... ",스마트폰이 고장 났을 때 많은 분들이 가장 먼저 수리점을 찾습니다. 그런데 막상 수리를 맡긴 뒤... 하지만 스마트폰 수리와 데이터 복구는 목적 자체가 다릅니다. 두 작업을 같은 개념으로 생각하면 중요한... 
51,모토로라 motog86power5G 서브 스마트폰추천 끝판왕 후기,"사용하고 있는 스마트폰이 방전 걱정 없이 너무 오래가기 때문입니다. 오늘 후기의 주인공이 바로... 충전 걱정 없이 주말 내내 버티고, 비 오는 날이나 물가에서 막 써도 고장 안 나는 단단한 폰. 그런... "
52,"모바일 팩스 보내는 방법, 무료 FAX &quot;스마트폰&quot; 하나면 해결 !",않아도 스마트폰에 모바일팩스 앱을 설치해 간단하게 해결할 수 있습니다. 이와 관련하여 오늘은 무료... 주의사항 모바일 팩스 스마트폰으로 모바일 팩스 보내는 방법을 이용하려면 먼저 모바일팩스 앱을... 
53,아이폰18 출시일 죄송합니다... 신형 출시예정 스마트폰,예정 스마트폰에 대한 화제성도 덩달아 분산되는 만큼 전작 대비 더 높은 판매량을 기대할 수 있다고... 출시 예정 스마트폰이지만 실망스럽습니다. 지금까지 죄송한 말씀이지만 출시 예정 스마트폰 아이폰18... 
54,주식으로 스마트폰 구입하기 프로젝트! 계좌 리밸런싱 및 계획,"삼성전자 주식으로 갤럭시 스마트폰 구입하기, 2024년 7월 계좌를 만들고 리밸런싱을 한 번도 하지... 목표했던 갤럭시 스마트폰 구입할 자금이 모였기 때문에 조금 안정적(?)으로 투자해야겠다는 생각이... "
55,1228회차 로또 번호 추천 2026년 06월 10일 스마트폰... ,손쉽게 스마트폰으로 희망을 가꾸는 방법과 유용한 팁을 가득 담아보았답니다. #lotto #number #동행복권 #인터넷복권 #직장인부업  목차  누구나 가볍게 참여하는 초간단 게임 규칙  스마트폰으로 편리하게... 
56,잠들기 전 스마트폰 괜찮을까? 라라베라 멜라톤안경으로... ,잠들기 전 스마트폰 보는 습관 괜찮을까? 라라베라 멜라톤안경으로 꿀잠 자는 방법! 요즘 잠들기 전 스마트폰 안 보는 분??? 대부분이 잠들기전 스마트폰 시청을 할겅에요. 저도 그래요… 하루 일과를 마치고... 
57,갤럭시 A37 70만 원? 삼성전자 보급형 스마트폰 가격 대란,삼성전자 갤럭시 A37 모델은 삼성 스마트폰 라인업 중 중저가 모델입니다. 그렇기 때문에 가성비... 갤럭시 A37 모델은 A57 모델과 함께 출시된 삼성전자의 2026년 중가 또는 중저가 보급형 스마트폰입니다. 이... 
58,구미 휴대폰 성지 비교하고 스마트폰 개통한 후기,"구미 휴대폰 성지 비교하고 스마트폰 개통한 후기 스마트폰이 없으면 하루가 잘 굴러가지 않는다는 걸 이번에 다시 느꼈어요. 아침에 눈 뜨자마자 알람을 끄고, 메시지를 확인하고, 출근길에는 지도 앱을 켜고... "
59,"내돈내산 가성비 보급형 스마트폰 갤럭시 A17 자급제, 최저가... ","가격 부담 없는 튼튼한 서브폰이나 부모님, 아이들 폰 고민 중이시라면 A17은 진짜 후회 없으실 거예요. 갤럭시 A17 자급제 최저가 확인하기 #갤럭시A17 #갤럭시A17자급제 #가성비스마트폰 #서브폰추천 #학생폰... "
60,갤럭시 S24 울트라 플러스 디자인 스펙 스마트폰 차이,갤럭시 S24 울트라 플러스 디자인 스펙 스마트폰 차이 안녕하세요. 24년에 출시한 갤럭시 S24... 갤럭시 스마트폰 라인업인데요. 그중에서도 플러스와 울트라 두 모델의 간격이 이전 세대보다 뚜렷하게... 
61,갤럭시 S25 FE 자급제 갤럭시 보급형 스마트폰의 매력,갤럭시 S25 FE 자급제 갤럭시 보급형 스마트폰의 매력 5월 들어 날씨가 따뜻해지면서 야외 활동이 잦아지다 보니 스마트폰 배터리 걱정이 자연스럽게 따라오는데요. 마침 갤럭시 S25 FE를 두 달째 사용 중이라... 
62,"삼성 A71과 A 퀀텀, 갤럭시 보급형 스마트폰의 새로운 기준","삼성 A71과 A 퀀텀, 갤럭시 보급형 스마트폰의 새로운 기준 매년 스마트폰을 새로 바꿀 때마다 가격 때문에 망설이게 되는 경우가 많은데요. 그런 분들에게 갤럭시보급형 라인업은 늘 현실적인 옵션이... "
63,"엘지 스마트폰 시장의 혁신, LG 롤러블폰의 매력은 무엇일까?","엘지 스마트폰 시장의 혁신, LG 롤러블폰의 매력은 무엇일까? 스마트폰 화면이 너무 작아서 불편했던 경험, 한 번쯤 있으시죠? 영상을 보거나 문서를 펼칠 때 화면이 좁다는 느낌이 들면 태블릿을 따로... "
64,핸드폰 티비 미러링 삼성 스마트뷰 스마트폰 무선 연결 방법,"경과하면 폰 화면이 자동으로 어두워지고, TV에서만 재생이 계속 이어지는 방식이데요. 덕에 배터리 절약에도 상당히 도움이 됩니다. 스마트폰 무선 미러링이 진행되는 동안에는 화면에 표시되는 스마트뷰... "
65,LG 티비 미러링 스마트폰 TV 무선 연결 에어플레이 AIRPLAY... ,준비한 내용은 지금까지고요. 즐거운 하루 보내시기 바랍니다. 감사합니다. &quot; &quot; &quot; &quot; #LGTV미러링 #LG티비미러링 #스마트미러링 #스마트폰TV연결 #스마트폰TV미러링 #스마트폰무선미러링 #에어플레이 #AIRPLAY
66,"원플러스 8 프로 및 7프로 비교, 구형 스마트폰 선택 가이드","구형 스마트폰을 고를 때는 출시 당시 스펙보다 지금도 쓸 만한지가 더 중요합니다. 성능, 배터리... 결론적으로 두 모델은 실사용형 구형 스마트폰으로 보는 게 가장 정확합니다. #원플러스 #원플러스8... "
67,애플페이 사용법 스마트폰 아이폰 교통카드 필요시?,애플페이 사용법 중에서 스마트폰 아이폰 교통카드 활용에 대해서 포스팅을 준비하였습니다. 관련된... (스마트폰 중 아이폰으로 결제하는 방식은 다른 휴대폰과 다르다는 점은 많은 분들이 아실 것 같습니다.)... 
68,"카메라를 개선했다지만, 문제는 가격인 스마트폰",LG전자보다 더 빠르게 스마트폰 시장에서 물러날 줄 알았던 플레이어. 네. 옆나라 일본의... 소니는 스마트폰을 아직 포기하지 않고 있습니다. 얼마 전에는 엑스페리아 1 VIII(Xperia 1 VIII)도... 
69,키즈폰 모토로라 g77 엣지70 어린이스마트폰 부터 효도폰 까지,"안녕하세요, 스마트기기에 관심이 많은 얼리어답터 인플루언서 스리링이에요. 요즘 핸드폰 바꿀 때... 어린이 스마트폰의 장점이에요! 키즈폰 요금제 어떻게 되나요? Y주니어 ON, 5G 주니어 슬림 요금제 정리... "
70,'봄 사진 촬영팁' 스마트폰 카메라로 봄꽃사진 예쁘게 찍는 방법,그러다 보면 자연스럽게 주머니에서 스마트폰을 꺼내어 아름다운 풍경을 촬영할 수밖에 없는데요.... 스마트폰으로 담아내는 시네마틱 한 봄 영상 기록 1. 망원 렌즈를 활용한 감성적인 아웃포커싱 최근... 
71,스마트폰 카메라 렌즈의 내부 습기 제거팁,스마트폰 전원 끄기 카메라 렌즈 안쪽에 뿌얗게 김이 서리거나 물방울이 맺혔다면 기기 내부로 습기가 유입되었다는 증거입니다. 이 상태에서 스마트폰을 계속 사용하면 전류가 흐르면서 메인보드나 카메라... 
72,샤오미레드미 14C 20만원대 실사용 샤오미 핸드폰 스마트폰... ,"샤오미 핸드폰 스마트폰은 저렴한 가격대로 장, 단점이 있으며 관련된 부분이 궁금하신 경우 아래 글을... 샤오미 핸드폰 스마트폰에 관심이 있으신 경우 20만원이하로 고르실 수 있는 레드미 고민해보셔도... "
73,아이폰13 미니 mini 작은 스마트폰 추천 이유는?,아이폰13 미니 mini 관련된 포스팅을 준비하였으며 작은 스마트폰을 찾는 경우 현시점에서도... 끝맺음 오늘은 아이폰13 미니 mini 작은 스마트폰 추천해도 괜찮은 것 같다는 생각을 담아보았습니다. 관련된... 
74,워터파크 준비물 새지 않는 핸드폰 방수팩 스마트폰 수이즈... ,워터파크 준비물 물에 뜨는 핸드폰 방수팩 물부터 모래까지 새지 않는 5중 잠금 수이즈 핸드폰 방수케이스 스마트폰을 보호해요 이제부터 물놀이는 시작이죠! 본격적으로 여름이 다가오기 전부터 물놀이를... 
75,아이폰13 미니 핑크 mini 스마트폰 깜찍 세련미?,아이폰13 미니 핑크 mini 스마트폰에 관련하여 알아보겠습니다. 물론 2026년도 기준 현시점에서... 작은 스마트폰을 찾고 계신 경우 참고하시길 바라며 제가 준비한 이야기는 여기까지 다들 행복한 하루... 
76,갤럭시 스마트폰 디스플레이 화면 밝기 자동 조절 설정 및 끄기... ,"갤럭시 스마트폰에서 디스플레이의 화면 밝기를 자동 조절을 설정하는 방법과 끄기, 해제하는 방법을 소개해 보겠다. 참고로 기본적으로는 자동 밝기 조절로 동작하도록 세팅되어 있다. 갤럭시 스마트폰... "
77,스마트폰으로 벽 뒤를 본다? MIT가 개발한 놀라운 라이다... ,스마트폰이 곧 라이다(LiDAR) 기술을 이용해 벽 뒤 사람이나 물체를 보는 수준까지 진화할 수 있다는 연구 결과가 나왔다. 미국 MIT 연구진은 스마트폰에 들어가는 일반적인 라이다 센서만으로도 모퉁이 뒤... 
78,갤럭시A36 가성비 삼성 보급형 스마트폰 재입고 인기?,갤럭시A36는 가성비 삼성 보급형 스마트폰으로 현 시점 재입고를 기다려야 될 정도로 인기가 많은... 끝맺음 오늘은 갤럭시A36 삼성 보급형 스마트폰에 대해서 확인해보았습니다. 스펙 대비 가성비가 있는... 
79,갤럭시a17 실사용 삼성 보급형스마트폰 핵심 5가지,삼성 보급형스마트폰중에서 갤럭시a17 실사용 핵심 5가지를 준비하였으며 관련된 부분이 궁금하신... 예를 들어 스마트워치가 있는 경우 연동하여 에너지 점수를 기록하실 수 있으며 아이콘들이 귀여우며... 
80,우리가 몰랐던 스마트폰 속 비밀? SP삼화의 반도체·디스플레이... ,"하지만 지금 우리가 사용하는 스마트폰과 디스플레이, 그리고 미래 에너지 산업 전반에도 SP삼화의... 스마트폰 내부의 반도체가 장기간 안정적으로 작동할 수 있는 것도 바로 이 패키징 기술 덕분입니다.... "
81,외출필수템 도난방지 폰스트랩 에가든 와이어 스마트폰 체인 사용,무엇보다 자유로워 애들 케어하기도 한결 편해서 와이어 폰 스트랩 외출할 때 필수템된 이유를 알겠어요. 에가든 와이어 스마트폰 체인 스트랩 사용하기 전에는 목에 걸고 다니는 타입의 스마트폰 스트랩을... 
82,안심하고 사용할 수 있는 펩시 굿즈 크로스 스마트폰 방수팩... ,물놀이 하러 언제든 떠날 수 있으니 작아진 수영복 정리하고 래쉬가드 주문하고 작년 여름에 워터파크 가서 스마트폰 방수팩 때문에 ;; 핸드폰에 물 들어가고 난뤼도 아니였기에 .. 미리 주문해 놓은 스마트폰... 
83,어르신 스마트폰 없이 택시 호출하는 방법 서울 '동행... ,"스마트폰 앱 사용이 어려워 택시 호출이 불편했던 어르신, 부모님들을 위해 서울시는 전화로 택시... 기억하면 스마트콘 앱 이용에 어려움을 겪었던 분들도 편리하게 택시를 이용할 수 있습니다. 전화... "
84,"스마트폰 속 여행 사진, 3분 만에 완성하는 여행 포토북... ",ㅋ ㅋ ㅋ 올해는 문화재 사진으로 달력을 만들어 주기로 계획중이었는데 포토북을 만들다 보니~~~ㅋ ㅋ ㅋ  이런 분들께 추천 ① 스마트한 'AI 사진 추천' 스마트폰 갤러리에 잠들어 있는 수많은 사진 중에서... 
85,갤럭시s25fe 스펙 특징 삼성스마트폰 현재는?,"갤럭시s25fe 스펙, 특징을 현시점 중점으로 삼성스마트폰 관련해 확인해보겠습니다. 궁금하신 경우... 끝맺음 오늘은 갤럭시s25fe 스펙, 특징 중점으로 삼성스마트폰 관련하여 알아보았습니다. s26 시리즈가... "
86,신세기 에반게리온 케이스티파이 콜라보 30주년 스마트폰... ,스탠드는 스마트폰에 사도 침공 사도의 조형미를 재현한 프리미엄 실리콘 그립 스탠드 맥세이프로... 구조가 스마트폰에 압도적인 존재감을 부여하비다. 에반게리온 플러그슈트 헤드폰 컬렉터블 케이스 에어팟... 
87,핸드폰 방수케이스 물에 뜨는 신지모루 스마트폰 방수팩,"스마트폰 방수팩 사이즈 215X115mm 넉넉한 사이즈로 플립, 폴드, 울트라, 프로맥스 모두 호환이 가능해서 기종 구분 없이 사용 가능해요. 신지모루 스마트폰 방수케이스 사용기 워터파크 물놀이 필수템... "
88,갤럭시 S25 스마트폰 AI 기능 통화 스크리닝 사용 설정,갤럭시 스마트폰도 AI 기능인 토화 스크리닝을 사용할 수 있게 되었는데 설정 방법을 소개해 보겠다. 참고로 ONE UI 8.5로 업데이트된 이후에만 사용할 수 있다. 갤럭시 스마트폰 전화 -&gt; 설정 -&gt; 통화... 
89,[리봄의칼럼1] 리봄AI가 '스마트폰'을 살려냈다,"요새 스마트폰이 작동이 느려지고, 사진을 찍으려 하면 저장공간이 없어 사진을 찍지 못한다는... 아하 ~ 스마트폰을 교체할 때가 되었나보다. 제 지식으로 도달한 해결책입니다. 그런데 계속 바쁘고, 사진은... "
90,도난방지 스마트폰 밴딩 손목스트랩 에가든 본보야지... ,"에가든 밴딩 손목 스트랩 밴딩손목스트랩 스마트폰 도난방지 여행준비물 후기 유럽 여행을 오면 가장 먼저 느끼는 게 있어요. 눈은 예쁜 골목을 따라가고, 발은 지도 앱을 따라가고, 손은 스마트폰과 가방... "
91,갤럭시s25fe 가격 특징 삼성 스마트폰 내게 괜찮을까?,"갤럭시s25fe 가격, 특징을 중점으로 삼성 스마트폰 관련하여 확인해보겠으며 현 시점에서 어떠한... (삼성의 휴대폰은 기본적으로 포함되어있는 사진 편집 기능은 훌륭한편에 속하기때문에 타 스마트폰보다... "
92,갤럭시s24 플러스 특징 스마트폰 괜찮을까?,갤럭시s24 플러스 특징을 중점으로 현재 스마트폰으로 고르시기 괜찮은지 관련된 부분을... 갤럭시s26 시리즈까지 나온 현시점 s24+ 스마트폰은 디자인이 깔끔한편에 속합니다. 일반적인 색상은 코발트 바이올렛... 
93,갤럭시 스마트폰 통화 녹음 음성 자동 텍스트 변환 바꾸기 설정,음성 텍스트 수동 변환 갤럭시 스마트폰에서 녹음 앱에 들어가 원하는 녹음 파일에 들어가면 위와 같이... 재약정 #갤럭시스마트폰 #갤럭시 #음성텍스트변환 #음성텍스트자동변환 #음성녹음텍스트변환... 
94,유튜버 브이로그 스마트폰 카메라삼각대 슬릭 ZF-300M,최근 아이들 의류 촬영부터 운동 경기까지 야외에서 촬영할 일이 많아졌어요 예전에는 스마트폰으로만 촬영했는데 넓은 공간 먼 거리에서 촬영하다 보니 아무래도 스마트폰보다는 DSLR로 찍은 사진이 훨씬... 
95,사진 보정 라이트룸 내 인생을 빛내줄 스마트폰 사진 강의,진 사진 보정 라이트룸 내 인생을 빛내줄 스마트폰 사진 강의 Before &amp; After 스마트폰 하나로 웬만한 작가 뺨치게 사진을 찍어 올리는 많은 크리에이터들을 보면 부러움을 넘어 경이로움마저 느껴지곤 한다... 
96,포켓몬스터 포켓몬 챔피언스 모바일 스마트폰 출시일 확정... ,포켓몬스터 게임 포켓몬 챔피언스 모바일 버전이 6월 17일 출시 확정 스마트폰 버전 포켓몬 챔피언스가 6월 17일에 출시 시작 포켓몬스터에서 오로지 포켓몬 배틀에 특화된 게임 포켓몬 챔피언스 스마트폰... 
97,스마트폰 대신 '리드인' 하세요! 독해력 8배 차이를 만드는... ,"스마트폰으로 글을 읽으면 빠르게 스캔하는 '피상적 읽기'에 익숙해져, 정교한 뇌 회로 발달이... 리드인 교실의 아이들은 스마트폰을 내려놓고, 자신에게 맞는 책에 오롯이 몰두하는 '집중독서' 시간을... "
98,「불법광고물 수거보상금 스마트폰 신청시스템」 도입,"불법광고물 수거하고,  스마트폰으로 간편하게 보상금 신청하세요! 불법 광고물 수거보상 참여 시민들이 스마트폰 앱을 통해 보상금을 손쉽게 신청할 수 있도록 「불법광고물 수거보상금 스마트폰... "
99,대구 인터넷 스마트폰 과의존 예방상담 및 가정방문 상담... ,"대구 인터넷 스마트폰 과의존 예방상담 및 가정방문 상담 신청을 안내드려요 인터넷, 스마트폰 과의존 혼자 고민하지 마세요 대구스마트쉼센터에서는 인터넷과 스마트폰 사용 조절에 어려움을 겪고 있는... "
